iso_code,year,expenditure_pc_gdp
ALB,2010,2.442
ALB,2011,2.387
ALB,2012,2.474
ALB,2013,2.605
ALB,2014,2.617
ALB,2015,2.755
ALB,2016,2.842
ALB,2017,2.762
ALB,2018,2.878
ARG,2000,4.499
ARG,2001,4.594
ARG,2002,4.034
ARG,2003,3.774
ARG,2004,3.746
ARG,2005,3.915
ARG,2006,4.019
ARG,2007,4.257
ARG,2008,4.509
ARG,2009,5.672
ARG,2010,5.572
ARG,2011,5.688
ARG,2012,6.144
ARG,2013,6.264
ARG,2014,6.361
ARG,2015,6.853
ARG,2016,5.619
ARG,2017,6.644
ARG,2018,5.965
ARG,2019,5.954
AUS,1880,0
AUS,1890,0
AUS,1900,0
AUS,1910,0.38
AUS,1920,0.57
AUS,1930,0.44
AUS,1960,1.913669591
AUS,1961,2.092821637
AUS,1962,2.23125731
AUS,1963,2.141681287
AUS,1964,2.149824561
AUS,1965,2.223114035
AUS,1966,2.182397661
AUS,1967,2.019532164
AUS,1968,2.190540936
AUS,1969,2.304546784
AUS,1970,2.622134503
AUS,1971,2.785
AUS,1972,2.761
AUS,1973,2.738
AUS,1974,3.12
AUS,1975,4.199
AUS,1976,3.824
AUS,1977,3.686
AUS,1978,3.679
AUS,1979,3.585
AUS,1980,3.662
AUS,1981,3.572
AUS,1982,3.593
AUS,1983,3.799
AUS,1984,4.298
AUS,1985,4.338
AUS,1986,4.402
AUS,1987,4.275
AUS,1988,4.13
AUS,1989,4.118
AUS,1990,4.281
AUS,1991,4.466
AUS,1992,4.496
AUS,1993,4.494
AUS,1994,4.506
AUS,1995,4.593
AUS,1996,4.648
AUS,1997,4.766
AUS,1998,4.904
AUS,1999,5.105
AUS,2000,5.197
AUS,2001,5.206
AUS,2002,5.406
AUS,2003,5.364
AUS,2004,5.529
AUS,2005,5.454
AUS,2006,5.452
AUS,2007,5.585
AUS,2008,5.695
AUS,2009,5.926
AUS,2010,5.781
AUS,2011,5.911
AUS,2012,5.859
AUS,2013,5.685
AUS,2014,6.658
AUS,2015,6.985
AUS,2016,6.942
AUS,2017,6.991
AUS,2018,7.009
AUS,2019,7.361
AUS,2020,7.612
AUT,1880,0
AUT,1890,0
AUT,1900,0
AUT,1910,0
AUT,1920,0
AUT,1930,0
AUT,1960,2.635008746
AUT,1961,2.660758017
AUT,1962,2.703673469
AUT,1963,2.780921283
AUT,1964,2.729422741
AUT,1965,2.841002915
AUT,1966,2.875335277
AUT,1967,3.098495627
AUT,1968,2.995498542
AUT,1969,3.17574344
AUT,1970,2.944
AUT,1971,2.921
AUT,1972,2.909
AUT,1973,2.97
AUT,1974,3.22
AUT,1975,4.414
AUT,1976,4.586
AUT,1977,4.568
AUT,1978,4.727
AUT,1979,4.61
AUT,1980,4.72
AUT,1981,4.465
AUT,1982,4.427
AUT,1983,4.339
AUT,1984,4.344
AUT,1985,4.482
AUT,1986,4.565
AUT,1987,4.779
AUT,1988,4.743
AUT,1989,4.715
AUT,1990,5.74
AUT,1991,5.792
AUT,1992,6.048
AUT,1993,6.467
AUT,1994,6.828
AUT,1995,6.716
AUT,1996,6.661
AUT,1997,6.781
AUT,1998,6.902
AUT,1999,7.037
AUT,2000,6.952
AUT,2001,6.953
AUT,2002,7.027
AUT,2003,7.112
AUT,2004,7.125
AUT,2005,7.122
AUT,2006,7.091
AUT,2007,7.089
AUT,2008,7.29
AUT,2009,7.68
AUT,2010,7.63
AUT,2011,7.481
AUT,2012,7.617
AUT,2013,7.612
AUT,2014,7.673
AUT,2015,7.678
AUT,2016,7.657
AUT,2017,7.686
AUT,2018,7.724
AUT,2019,7.865
AUT,2020,8.772
AUT,2021,9.555
BEL,1880,0.06
BEL,1890,0.11
BEL,1900,0.12
BEL,1910,0.18
BEL,1920,0.21
BEL,1930,0.09
BEL,1960,1.683307934
BEL,1961,1.70712833
BEL,1962,1.730948725
BEL,1963,1.850050701
BEL,1964,1.699188198
BEL,1965,2.358219134
BEL,1966,2.405859925
BEL,1967,2.358219134
BEL,1968,2.540842165
BEL,1969,2.723465195
BEL,1970,2.818746777
BEL,1971,2.850507304
BEL,1972,2.977549412
BEL,1973,3.080771125
BEL,1974,3.088711257
BEL,1975,3.73186193
BEL,1976,3.91448496
BEL,1977,4.40677313
BEL,1978,4.517934974
BEL,1979,4.517934974
BEL,1980,4.398832998
BEL,1981,4.637036951
BEL,1982,5.041983671
BEL,1983,4.938761958
BEL,1984,4.891121167
BEL,1985,4.827600113
BEL,1986,4.779959323
BEL,1987,5.057863934
BEL,1988,5.431050127
BEL,1989,5.359588942
BEL,1990,5.383409337
BEL,1991,5.558092236
BEL,1992,5.665
BEL,1993,5.701
BEL,1994,5.502
BEL,1995,5.774
BEL,1996,6.109
BEL,1997,5.785
BEL,1998,5.833
BEL,1999,5.938
BEL,2000,5.968
BEL,2001,6.146
BEL,2002,6.139
BEL,2003,6.798
BEL,2004,7.001
BEL,2005,6.904
BEL,2006,6.814
BEL,2007,6.782
BEL,2008,7.273
BEL,2009,7.879
BEL,2010,7.783
BEL,2011,7.898
BEL,2012,8.033
BEL,2013,8.04
BEL,2014,8.079
BEL,2015,8.265
BEL,2016,8.305
BEL,2017,8.304
BEL,2018,8.337
BEL,2019,8.107
BEL,2020,8.491
BRA,2000,3.47
BRA,2001,3.513
BRA,2002,3.686
BRA,2003,3.51
BRA,2004,3.467
BRA,2005,3.345
BRA,2006,3.542
BRA,2007,3.485
BRA,2008,3.505
BRA,2009,3.708
BRA,2010,3.577
BRA,2011,3.467
BRA,2012,3.356
BRA,2013,3.556
BRA,2014,3.709
BRA,2015,3.861
BRA,2016,3.952
BRA,2017,3.959
BRA,2018,3.897
BRA,2019,3.93
BGR,2003,4.393
BGR,2004,4.117
BGR,2005,4.128
BGR,2006,3.659
BGR,2007,3.459
BGR,2008,3.534
BGR,2009,3.583
BGR,2010,3.932
BGR,2011,3.86
BGR,2012,3.845
BGR,2013,4.057
BGR,2014,4.493
BGR,2015,4.148
BGR,2016,4.128
BGR,2017,4.222
BGR,2018,4.33
BGR,2019,4.295
BGR,2020,5.353
CAN,1880,0
CAN,1890,0
CAN,1900,0
CAN,1910,0
CAN,1920,0.01
CAN,1930,0.02
CAN,1960,2.09934879
CAN,1961,2.239906048
CAN,1962,2.380463306
CAN,1963,2.521020565
CAN,1964,2.661577823
CAN,1965,2.802135081
CAN,1966,3.135508065
CAN,1967,3.468881048
CAN,1968,3.802254032
CAN,1969,4.135627016
CAN,1970,4.469
CAN,1971,4.858
CAN,1972,4.841
CAN,1973,4.612
CAN,1974,4.605
CAN,1975,5.002
CAN,1976,5.089
CAN,1977,5.046
CAN,1978,5
CAN,1979,4.872
CAN,1980,5.015
CAN,1981,5.185
CAN,1982,5.777
CAN,1983,5.906
CAN,1984,5.77
CAN,1985,5.734
CAN,1986,5.878
CAN,1987,5.828
CAN,1988,5.802
CAN,1989,5.944
CAN,1990,6.234
CAN,1991,6.748
CAN,1992,6.89
CAN,1993,6.673
CAN,1994,6.335
CAN,1995,6.072
CAN,1996,5.9
CAN,1997,5.803
CAN,1998,6.004
CAN,1999,5.81
CAN,2000,5.771
CAN,2001,6.012
CAN,2002,6.135
CAN,2003,6.303
CAN,2004,6.335
CAN,2005,6.312
CAN,2006,6.487
CAN,2007,6.573
CAN,2008,6.702
CAN,2009,7.523
CAN,2010,7.483
CAN,2011,7.31
CAN,2012,7.41
CAN,2013,7.368
CAN,2014,7.241
CAN,2015,7.591
CAN,2016,7.688
CAN,2017,7.574
CAN,2018,7.577
CAN,2019,7.641
CAN,2020,9.701
CAN,2021,8.695
CHL,2000,3.752
CHL,2001,3.77
CHL,2002,3.837
CHL,2003,3.829
CHL,2004,3.658
CHL,2005,3.487
CHL,2006,3.265
CHL,2007,3.395
CHL,2008,3.802
CHL,2009,4.612
CHL,2010,3.999
CHL,2011,4.026
CHL,2012,4.212
CHL,2013,4.419
CHL,2014,4.602
CHL,2015,4.878
CHL,2016,4.983
CHL,2017,5.454
CHL,2018,5.524
CHL,2019,5.656
CHL,2020,6.354
CHL,2021,5.834
CHN,2000,0.986
CHN,2001,0.971
CHN,2002,1.109
CHN,2003,1.251
CHN,2004,1.295
CHN,2005,1.37
CHN,2006,1.391
CHN,2007,1.436
CHN,2008,1.73
CHN,2009,2.143
CHN,2010,2.177
CHN,2011,2.315
CHN,2012,2.547
CHN,2013,2.705
CHN,2014,2.804
CHN,2015,2.986
CHN,2016,2.892
CHN,2017,2.86
CHN,2018,2.914
CHN,2019,3.002
COL,2000,4.312
COL,2001,4.577
COL,2002,4.495
COL,2003,4.608
COL,2004,4.407
COL,2005,4.499
COL,2006,4.712
COL,2007,4.749
COL,2008,4.911
COL,2009,5.438
COL,2010,5.29
COL,2011,5.15
COL,2012,4.984
COL,2013,5.304
COL,2014,5.474
COL,2015,5.741
COL,2016,5.731
COL,2017,5.882
COL,2018,5.892
COL,2019,6.284
COL,2020,7.07
CRI,2000,4.335
CRI,2001,4.297
CRI,2002,4.65
CRI,2003,4.689
CRI,2004,4.431
CRI,2005,4.321
CRI,2006,4.641
CRI,2007,4.685
CRI,2008,5.121
CRI,2009,5.638
CRI,2010,5.871
CRI,2011,5.919
CRI,2012,5.766
CRI,2013,5.751
CRI,2014,5.59
CRI,2015,5.682
CRI,2016,5.494
CRI,2017,5.282
CRI,2018,5.379
CRI,2019,5.339
CRI,2020,5.976
HRV,2005,5.883
HRV,2006,5.935
HRV,2007,6.428
HRV,2008,6.511
HRV,2009,6.906
HRV,2010,6.853
HRV,2011,5.972
HRV,2012,6.102
HRV,2013,5.466
HRV,2014,5.49
HRV,2015,5.537
HRV,2016,5.561
HRV,2017,5.506
HRV,2018,5.542
HRV,2019,5.579
HRV,2020,6.538
CYP,2005,2.244
CYP,2006,2.336
CYP,2007,2.301
CYP,2008,2.528
CYP,2009,2.778
CYP,2010,3.007
CYP,2011,3.085
CYP,2012,3.038
CYP,2013,3.201
CYP,2014,2.993
CYP,2015,2.872
CYP,2016,2.8
CYP,2017,2.758
CYP,2018,2.877
CYP,2019,3.857
CYP,2020,6.323
CZE,1990,3.604
CZE,1991,3.703
CZE,1992,3.762
CZE,1993,5.002
CZE,1994,5.095
CZE,1995,5.115
CZE,1996,5.01
CZE,1997,5.002
CZE,1998,5.006
CZE,1999,5.193
CZE,2000,5.12
CZE,2001,5.239
CZE,2002,5.56
CZE,2003,5.832
CZE,2004,5.638
CZE,2005,5.506
CZE,2006,5.32
CZE,2007,5.069
CZE,2008,5.197
CZE,2009,6.036
CZE,2010,5.729
CZE,2011,5.811
CZE,2012,5.844
CZE,2013,6.457
CZE,2014,6.282
CZE,2015,5.928
CZE,2016,5.826
CZE,2017,6.228
CZE,2018,6.342
CZE,2019,6.463
CZE,2020,8.102
DNK,1880,0.1
DNK,1890,0.28
DNK,1900,0.46
DNK,1910,0.44
DNK,1920,1.15
DNK,1930,0.7
DNK,1960,3.778335155
DNK,1961,4.257938069
DNK,1962,4.445100182
DNK,1963,4.643959927
DNK,1964,4.562076503
DNK,1965,4.866214936
DNK,1966,5.322422587
DNK,1967,5.813723133
DNK,1968,6.141256831
DNK,1969,6.351814208
DNK,1970,6.117861566
DNK,1971,6.422
DNK,1972,6.527
DNK,1973,6.358
DNK,1974,7.05
DNK,1975,7.292
DNK,1976,7.341
DNK,1977,7.143
DNK,1978,7.276
DNK,1979,7.438
DNK,1980,7.344
DNK,1981,7.481
DNK,1982,7.511
DNK,1983,7.255
DNK,1984,6.805
DNK,1985,6.755
DNK,1986,6.503
DNK,1987,6.758
DNK,1988,6.899
DNK,1989,6.754
DNK,1990,6.622
DNK,1991,6.607
DNK,1992,6.592
DNK,1993,6.82
DNK,1994,6.602
DNK,1995,6.374
DNK,1996,6.42
DNK,1997,6.331
DNK,1998,6.118
DNK,1999,6.937
DNK,2000,6.735
DNK,2001,7.046
DNK,2002,7.293
DNK,2003,7.471
DNK,2004,7.526
DNK,2005,7.613
DNK,2006,7.69
DNK,2007,7.806
DNK,2008,7.991
DNK,2009,9.015
DNK,2010,8.939
DNK,2011,8.735
DNK,2012,8.877
DNK,2013,8.724
DNK,2014,8.705
DNK,2015,8.715
DNK,2016,8.63
DNK,2017,8.478
DNK,2018,8.457
DNK,2019,8.473
DNK,2020,8.934
DNK,2021,9.264
EST,1999,4.366
EST,2000,3.974
EST,2001,3.746
EST,2002,3.601
EST,2003,3.726
EST,2004,3.834
EST,2005,3.78
EST,2006,3.605
EST,2007,3.783
EST,2008,4.401
EST,2009,5.1
EST,2010,4.826
EST,2011,4.463
EST,2012,4.471
EST,2013,4.549
EST,2014,4.76
EST,2015,4.961
EST,2016,5.003
EST,2017,4.854
EST,2018,4.952
EST,2019,5.081
EST,2020,5.981
EST,2021,5.86
FIN,1880,0.23
FIN,1890,0.34
FIN,1900,0.35
FIN,1910,0.38
FIN,1920,0.19
FIN,1930,1.28
FIN,1960,1.790166271
FIN,1961,1.815498812
FIN,1962,1.975938242
FIN,1963,2.119489311
FIN,1964,2.313705463
FIN,1965,2.735914489
FIN,1966,2.930130641
FIN,1967,3.39456057
FIN,1968,3.538111639
FIN,1969,3.605665083
FIN,1970,3.555
FIN,1971,3.756
FIN,1972,3.754
FIN,1973,3.758
FIN,1974,3.764
FIN,1975,4.35
FIN,1976,4.605
FIN,1977,4.793
FIN,1978,4.698
FIN,1979,4.62
FIN,1980,4.611
FIN,1981,4.742
FIN,1982,4.831
FIN,1983,4.836
FIN,1984,4.837
FIN,1985,5.165
FIN,1986,5.295
FIN,1987,5.426
FIN,1988,5.262
FIN,1989,5.333
FIN,1990,5.802
FIN,1991,6.681
FIN,1992,6.725
FIN,1993,5.903
FIN,1994,5.448
FIN,1995,5.239
FIN,1996,5.316
FIN,1997,5.089
FIN,1998,4.911
FIN,1999,4.841
FIN,2000,5.257
FIN,2001,5.408
FIN,2002,5.73
FIN,2003,5.991
FIN,2004,6.126
FIN,2005,6.312
FIN,2006,6.402
FIN,2007,6.239
FIN,2008,6.456
FIN,2009,7.102
FIN,2010,7.047
FIN,2011,7.158
FIN,2012,7.495
FIN,2013,7.643
FIN,2014,7.631
FIN,2015,7.421
FIN,2016,7.148
FIN,2017,6.974
FIN,2018,6.959
FIN,2019,7.136
FIN,2020,7.538
FRA,1880,0.25
FRA,1890,0.29
FRA,1900,0.27
FRA,1910,0.26
FRA,1920,0.23
FRA,1930,0.32
FRA,1960,2.193172414
FRA,1961,2.452772414
FRA,1962,2.694468966
FRA,1963,2.900358621
FRA,1964,3.097296552
FRA,1965,3.177862069
FRA,1966,3.338993103
FRA,1967,3.446413793
FRA,1968,3.330041379
FRA,1969,3.643351724
FRA,1970,3.894
FRA,1971,4.0692
FRA,1972,4.2444
FRA,1973,4.4196
FRA,1974,4.5948
FRA,1975,4.77
FRA,1976,4.8916
FRA,1977,5.0132
FRA,1978,5.1348
FRA,1979,5.2564
FRA,1980,5.378
FRA,1981,5.4996
FRA,1982,5.6212
FRA,1983,5.7428
FRA,1984,5.8644
FRA,1985,5.986
FRA,1986,6.004
FRA,1987,6.022
FRA,1988,6.04
FRA,1989,6.058
FRA,1990,6.076
FRA,1991,6.217
FRA,1992,6.411
FRA,1993,6.716
FRA,1994,6.656
FRA,1995,7.818
FRA,1996,7.809
FRA,1997,7.719
FRA,1998,7.628
FRA,1999,7.624
FRA,2000,7.56
FRA,2001,7.659
FRA,2002,7.935
FRA,2003,7.943
FRA,2004,8.008
FRA,2005,8.038
FRA,2006,8.021
FRA,2007,7.945
FRA,2008,8.032
FRA,2009,8.636
FRA,2010,8.561
FRA,2011,8.501
FRA,2012,8.596
FRA,2013,9.345
FRA,2014,9.479
FRA,2015,9.438
FRA,2016,9.521
FRA,2017,9.43
FRA,2018,9.345
FRA,2019,9.273
FRA,2020,10.338
DEU,1880,0
DEU,1890,0
DEU,1900,0
DEU,1910,0
DEU,1930,0.06
DEU,1960,3.162249389
DEU,1961,3.25202934
DEU,1962,3.351784841
DEU,1963,3.411638142
DEU,1964,3.401662592
DEU,1965,3.621124694
DEU,1966,3.980244499
DEU,1967,4.129877751
DEU,1968,4.309437653
DEU,1969,4.299462103
DEU,1970,4.08
DEU,1971,4.537
DEU,1972,4.845
DEU,1973,5.183
DEU,1974,5.674
DEU,1975,6.26
DEU,1976,6.274
DEU,1977,6.207
DEU,1978,6.264
DEU,1979,6.135
DEU,1980,6.303
DEU,1981,6.54
DEU,1982,6.361
DEU,1983,6.278
DEU,1984,6.387
DEU,1985,6.495
DEU,1986,6.437
DEU,1987,6.507
DEU,1988,6.624
DEU,1989,6.058
DEU,1990,6.058
DEU,1991,6.6085
DEU,1992,7.159
DEU,1993,7.1
DEU,1994,7.327
DEU,1995,7.643
DEU,1996,7.942
DEU,1997,7.728
DEU,1998,7.681
DEU,1999,7.716
DEU,2000,7.722
DEU,2001,7.743
DEU,2002,7.904
DEU,2003,8.022
DEU,2004,7.666
DEU,2005,7.769
DEU,2006,7.628
DEU,2007,7.531
DEU,2008,7.694
DEU,2009,9.365
DEU,2010,9.236
DEU,2011,8.958
DEU,2012,9.006
DEU,2013,9.221
DEU,2014,9.281
DEU,2015,9.414
DEU,2016,9.473
DEU,2017,9.554
DEU,2018,9.638
DEU,2019,9.827
DEU,2020,10.911
DEU,2021,11.016
GRC,1880,0
GRC,1890,0
GRC,1900,0
GRC,1910,0
GRC,1920,0
GRC,1930,0
GRC,1960,1.322638554
GRC,1961,1.265443373
GRC,1962,1.351236145
GRC,1963,1.351236145
GRC,1964,1.501373494
GRC,1965,1.594315663
GRC,1966,1.644361446
GRC,1967,1.60146506
GRC,1968,1.54426988
GRC,1969,1.54426988
GRC,1970,1.54426988
GRC,1971,1.637212048
GRC,1972,1.637212048
GRC,1973,1.558568675
GRC,1974,1.701556627
GRC,1975,1.75160241
GRC,1976,1.951785542
GRC,1977,2.173416867
GRC,1978,2.244910843
GRC,1979,2.280657831
GRC,1980,2.545185542
GRC,1981,2.702472289
GRC,1982,2.881207229
GRC,1983,2.902655422
GRC,1984,2.845460241
GRC,1985,2.816862651
GRC,1986,3.088539759
GRC,1987,2.959850602
GRC,1988,2.967
GRC,1989,3.387
GRC,1990,3.285
GRC,1991,3.211
GRC,1992,3.607
GRC,1993,4.046
GRC,1994,4.099
GRC,1995,4.214
GRC,1996,4.265
GRC,1997,4.147
GRC,1998,4.038
GRC,1999,4.254
GRC,2000,4.464
GRC,2001,5.049
GRC,2002,4.978
GRC,2003,5.058
GRC,2004,4.745
GRC,2005,5.21
GRC,2006,5.088
GRC,2007,5.319
GRC,2008,5.768
GRC,2009,6.427
GRC,2010,6.613
GRC,2011,6.04
GRC,2012,5.899
GRC,2013,5.238
GRC,2014,4.542
GRC,2015,4.803
GRC,2016,5.186
GRC,2017,4.926
GRC,2018,4.808
GRC,2019,5.046
GRC,2020,5.879
HUN,1991,5.602
HUN,1992,5.949
HUN,1993,5.969
HUN,1994,6.369
HUN,1995,5.572
HUN,1996,5.361
HUN,1997,5.046
HUN,1998,4.933
HUN,1999,4.905
HUN,2000,4.721
HUN,2001,4.653
HUN,2002,4.954
HUN,2003,5.728
HUN,2004,5.46
HUN,2005,5.643
HUN,2006,5.501
HUN,2007,4.96
HUN,2008,4.88
HUN,2009,4.931
HUN,2010,4.994
HUN,2011,4.973
HUN,2012,4.853
HUN,2013,4.818
HUN,2014,4.725
HUN,2015,4.671
HUN,2016,4.756
HUN,2017,4.641
HUN,2018,4.572
HUN,2019,4.323
HUN,2020,5.179
HUN,2021,5.303
ISL,1960,1.674307159
ISL,1961,2.180161663
ISL,1962,2.43665127
ISL,1963,2.051916859
ISL,1964,2.429526559
ISL,1965,2.322655889
ISL,1966,2.486524249
ISL,1967,2.999503464
ISL,1968,3.298741339
ISL,1969,3.255993072
ISL,1970,3.085
ISL,1971,3.391
ISL,1972,4.075
ISL,1973,3.758
ISL,1974,4.569
ISL,1975,4.916
ISL,1976,4.603
ISL,1977,4.572
ISL,1978,5.052
ISL,1979,5.704
ISL,1980,5.175
ISL,1981,5.32
ISL,1982,5.589
ISL,1983,6.166
ISL,1984,5.635
ISL,1985,5.839
ISL,1986,6.198
ISL,1987,6.411
ISL,1988,6.906
ISL,1989,6.707
ISL,1990,6.416
ISL,1991,6.572
ISL,1992,6.602
ISL,1993,6.557
ISL,1994,6.433
ISL,1995,6.562
ISL,1996,6.562
ISL,1997,6.34
ISL,1998,6.762
ISL,1999,7.176
ISL,2000,7.189
ISL,2001,7.058
ISL,2002,7.653
ISL,2003,7.908
ISL,2004,7.551
ISL,2005,7.247
ISL,2006,6.981
ISL,2007,6.851
ISL,2008,6.86
ISL,2009,7.164
ISL,2010,6.678
ISL,2011,6.563
ISL,2012,6.538
ISL,2013,6.559
ISL,2014,6.624
ISL,2015,6.521
ISL,2016,6.6
ISL,2017,6.763
ISL,2018,6.901
ISL,2019,7.048
ISL,2020,7.928
ISL,2021,8.06
IND,2000,0.939
IND,2001,0.909
IND,2002,0.877
IND,2003,0.819
IND,2004,0.801
IND,2005,0.828
IND,2006,0.805
IND,2007,0.795
IND,2008,0.836
IND,2009,0.907
IND,2010,0.862
IND,2011,0.91
IND,2012,0.903
IND,2013,0.829
IND,2014,0.829
IND,2015,0.928
IND,2016,0.947
IND,2017,0.974
IND,2018,0.972
IND,2019,0.998
IRL,1930,0.62
IRL,1960,2.463326039
IRL,1961,2.406039387
IRL,1962,2.446958425
IRL,1963,2.586083151
IRL,1964,2.725207877
IRL,1965,2.733391685
IRL,1966,2.995273523
IRL,1967,3.265339168
IRL,1968,3.019824945
IRL,1969,3.183501094
IRL,1970,3.74
IRL,1971,3.981
IRL,1972,4.21
IRL,1973,4.545
IRL,1974,5
IRL,1975,5.514
IRL,1976,5.29
IRL,1977,4.941
IRL,1978,5.214
IRL,1979,5.602
IRL,1980,6.065
IRL,1981,5.826
IRL,1982,5.695
IRL,1983,5.596
IRL,1984,5.299
IRL,1985,5.234
IRL,1986,5.093
IRL,1987,4.752
IRL,1988,4.436
IRL,1989,4.261
IRL,1990,4.109
IRL,1991,4.468
IRL,1992,4.703
IRL,1993,4.769
IRL,1994,4.677
IRL,1995,4.526
IRL,1996,4.362
IRL,1997,4.359
IRL,1998,4.23
IRL,1999,4.213
IRL,2000,4.573
IRL,2001,5.014
IRL,2002,5.271
IRL,2003,5.519
IRL,2004,5.698
IRL,2005,6.027
IRL,2006,5.85
IRL,2007,6.186
IRL,2008,7.239
IRL,2009,8.11
IRL,2010,8.018
IRL,2011,7.643
IRL,2012,7.625
IRL,2013,7.277
IRL,2014,6.778
IRL,2015,5.269
IRL,2016,5.415
IRL,2017,5.215
IRL,2018,5.1
IRL,2019,4.98
IRL,2020,5.598
IRL,2021,5.275
ISR,1995,4.702
ISR,1996,4.881
ISR,1997,4.912
ISR,1998,4.593
ISR,1999,4.408
ISR,2000,4.289
ISR,2001,4.528
ISR,2002,4.574
ISR,2003,4.429
ISR,2004,4.338
ISR,2005,4.266
ISR,2006,4.304
ISR,2007,4.168
ISR,2008,4.258
ISR,2009,4.316
ISR,2010,4.394
ISR,2011,4.354
ISR,2012,4.433
ISR,2013,4.466
ISR,2014,4.496
ISR,2015,4.503
ISR,2016,4.536
ISR,2017,4.623
ISR,2018,4.712
ISR,2019,4.832
ISR,2020,5.893
ITA,1880,0
ITA,1890,0
ITA,1900,0
ITA,1910,0
ITA,1920,0
ITA,1930,0
ITA,1960,2.744821732
ITA,1961,2.827166384
ITA,1962,2.827166384
ITA,1963,3.07420034
ITA,1964,3.275487267
ITA,1965,3.476774194
ITA,1966,3.61401528
ITA,1967,3.760405772
ITA,1968,3.833601019
ITA,1969,3.897646859
ITA,1970,4.08978438
ITA,1971,4.492358234
ITA,1972,4.840035654
ITA,1973,4.785139219
ITA,1974,4.803438031
ITA,1975,4.794288625
ITA,1976,4.766840407
ITA,1977,4.474059423
ITA,1978,4.757691002
ITA,1979,4.775989813
ITA,1980,5.096219015
ITA,1981,4.867483871
ITA,1982,4.968127334
ITA,1983,5.059621392
ITA,1984,4.876633277
ITA,1985,4.958977929
ITA,1986,4.821736842
ITA,1987,5.224310696
ITA,1988,5.389
ITA,1989,5.311
ITA,1990,5.685
ITA,1991,5.864
ITA,1992,5.735
ITA,1993,5.55
ITA,1994,5.276
ITA,1995,4.88
ITA,1996,4.952
ITA,1997,5.135
ITA,1998,5.117
ITA,1999,5.191
ITA,2000,5.496
ITA,2001,5.774
ITA,2002,5.897
ITA,2003,5.901
ITA,2004,6.226
ITA,2005,6.462
ITA,2006,6.56
ITA,2007,6.305
ITA,2008,6.628
ITA,2009,7.01
ITA,2010,6.995
ITA,2011,6.757
ITA,2012,6.665
ITA,2013,6.648
ITA,2014,6.689
ITA,2015,6.593
ITA,2016,6.492
ITA,2017,6.399
ITA,2018,6.413
ITA,2019,6.384
ITA,2020,7.329
ITA,2021,7.145
JPN,1880,0.03
JPN,1890,0.07
JPN,1900,0.1
JPN,1910,0.1
JPN,1920,0.1
JPN,1930,0.12
JPN,1960,1.733160377
JPN,1961,1.982122642
JPN,1962,2.097028302
JPN,1963,2.250235849
JPN,1964,2.365141509
JPN,1965,2.623679245
JPN,1966,2.623679245
JPN,1967,2.700283019
JPN,1968,2.700283019
JPN,1969,2.65240566
JPN,1970,3.045
JPN,1971,2.941
JPN,1972,3.099
JPN,1973,3.069
JPN,1974,3.629
JPN,1975,3.899
JPN,1976,4.066
JPN,1977,4.039
JPN,1978,4.362
JPN,1979,4.352
JPN,1980,4.454
JPN,1981,4.495
JPN,1982,4.599
JPN,1983,4.766
JPN,1984,4.64
JPN,1985,4.584
JPN,1986,4.645
JPN,1987,4.705
JPN,1988,4.59
JPN,1989,4.518
JPN,1990,4.467
JPN,1991,4.523
JPN,1992,4.708
JPN,1993,5.014
JPN,1994,5.081
JPN,1995,5.046
JPN,1996,4.915
JPN,1997,5.08
JPN,1998,5.214
JPN,1999,5.496
JPN,2000,5.658
JPN,2001,5.861
JPN,2002,5.937
JPN,2003,5.987
JPN,2004,6.049
JPN,2005,6.216
JPN,2006,6.174
JPN,2007,6.321
JPN,2008,6.566
JPN,2009,7.283
JPN,2010,7.425
JPN,2011,8.783
JPN,2012,8.957
JPN,2013,8.994
JPN,2014,9.025
JPN,2015,9.039
JPN,2016,8.957
JPN,2017,8.974
JPN,2018,9.002
JPN,2019,9.201
JPN,2020,9.28
LVA,2000,2.758
LVA,2001,2.812
LVA,2002,2.857
LVA,2003,2.73
LVA,2004,3.484
LVA,2005,3.249
LVA,2006,3.51
LVA,2007,3.355
LVA,2008,3.369
LVA,2009,3.637
LVA,2010,3.67
LVA,2011,3.635
LVA,2012,3.265
LVA,2013,3.246
LVA,2014,3.26
LVA,2015,3.315
LVA,2016,3.426
LVA,2017,3.42
LVA,2018,3.706
LVA,2019,3.972
LVA,2020,4.737
LTU,2000,4.247
LTU,2001,4.304
LTU,2002,4.543
LTU,2003,4.663
LTU,2004,3.668
LTU,2005,3.768
LTU,2006,3.951
LTU,2007,4.098
LTU,2008,4.484
LTU,2009,5.337
LTU,2010,4.887
LTU,2011,4.606
LTU,2012,4.225
LTU,2013,4.058
LTU,2014,4.184
LTU,2015,4.358
LTU,2016,4.42
LTU,2017,4.275
LTU,2018,4.387
LTU,2019,4.646
LTU,2020,5.287
LTU,2021,5.507
LUX,1975,3.63992
LUX,1976,3.682
LUX,1977,3.988
LUX,1978,4.243
LUX,1979,4.341
LUX,1980,4.433
LUX,1981,4.551
LUX,1982,4.438
LUX,1983,4.163
LUX,1984,4.079
LUX,1985,4.139
LUX,1986,4.132
LUX,1987,4.691
LUX,1988,4.879
LUX,1989,4.751
LUX,1990,4.941
LUX,1991,4.735
LUX,1992,4.961
LUX,1993,5.028
LUX,1994,4.837
LUX,1995,5.101
LUX,1996,5.166
LUX,1997,4.896
LUX,1998,5.03
LUX,1999,5.038
LUX,2000,4.857
LUX,2001,5.28
LUX,2002,5.614
LUX,2003,5.77
LUX,2004,6.067
LUX,2005,5.927
LUX,2006,5.495
LUX,2007,5.184
LUX,2008,5.441
LUX,2009,5.959
LUX,2010,5.657
LUX,2011,4.95
LUX,2012,4.386
LUX,2013,4.35
LUX,2014,4.366
LUX,2015,4.251
LUX,2016,4.24
LUX,2017,4.311
LUX,2018,4.421
LUX,2019,4.603
LUX,2020,4.952
MLT,2003,5.509
MLT,2004,5.604
MLT,2005,5.986
MLT,2006,6.027
MLT,2007,5.451
MLT,2008,5.092
MLT,2009,5.144
MLT,2010,5.129
MLT,2011,5.447
MLT,2012,5.496
MLT,2013,5.739
MLT,2014,5.571
MLT,2015,5.389
MLT,2016,5.651
MLT,2017,5.572
MLT,2018,5.437
MLT,2019,5.473
MEX,1999,2.058
MEX,2000,2.012
MEX,2001,2.109
MEX,2002,2.165
MEX,2003,2.414
MEX,2004,2.587
MEX,2005,2.465
MEX,2006,2.422
MEX,2007,2.527
MEX,2008,2.617
MEX,2009,2.861
MEX,2010,2.881
MEX,2011,2.914
MEX,2012,3.007
MEX,2013,3.123
MEX,2014,2.892
MEX,2015,2.987
MEX,2016,2.848
MEX,2017,2.758
MEX,2018,2.672
MEX,2019,2.678
MEX,2020,3.302
MNE,2011,4.858
MNE,2012,5.304
MNE,2013,4.897
MNE,2014,4.858
MNE,2015,5.602
MNE,2016,5.31
MNE,2017,4.591
MNE,2018,5.007
MNE,2019,5.086
NLD,1880,0
NLD,1890,0
NLD,1900,0
NLD,1910,0
NLD,1920,0
NLD,1930,0
NLD,1960,1.054597458
NLD,1961,1.354752119
NLD,1962,1.703580508
NLD,1963,2.13353178
NLD,1964,2.222766949
NLD,1965,2.441798729
NLD,1966,2.750065678
NLD,1967,3.074557203
NLD,1968,3.358487288
NLD,1969,3.715427966
NLD,1970,4.08859322
NLD,1971,3.975021186
NLD,1972,3.829
NLD,1973,3.913
NLD,1974,4.01
NLD,1975,4.447
NLD,1976,4.414
NLD,1977,4.527
NLD,1978,4.615
NLD,1979,4.676
NLD,1980,4.768
NLD,1981,4.863
NLD,1982,5.073
NLD,1983,5.029
NLD,1984,4.833
NLD,1985,4.794
NLD,1986,4.687
NLD,1987,4.798
NLD,1988,4.707
NLD,1989,4.917
NLD,1990,4.978
NLD,1991,5.219
NLD,1992,5.632
NLD,1993,5.78
NLD,1994,5.624
NLD,1995,5.48
NLD,1996,5.042
NLD,1997,4.999
NLD,1998,5.398
NLD,1999,5.364
NLD,2000,5.321
NLD,2001,5.612
NLD,2002,6.053
NLD,2003,6.354
NLD,2004,6.25
NLD,2005,6.224
NLD,2006,7.605
NLD,2007,7.611
NLD,2008,7.669
NLD,2009,8.312
NLD,2010,8.467
NLD,2011,8.459
NLD,2012,8.654
NLD,2013,8.588
NLD,2014,8.568
NLD,2015,8.402
NLD,2016,8.358
NLD,2017,8.257
NLD,2018,8.238
NLD,2019,8.392
NLD,2020,9.472
NZL,1880,0.17
NZL,1890,0.39
NZL,1900,0.51
NZL,1910,0.72
NZL,1920,1.07
NZL,1930,1.13
NZL,1960,3.387767221
NZL,1961,3.561995249
NZL,1962,3.561995249
NZL,1963,3.48456057
NZL,1964,3.494239905
NZL,1965,3.581353919
NZL,1966,3.774940618
NZL,1967,3.774940618
NZL,1968,3.803978622
NZL,1969,3.813657957
NZL,1970,4.075
NZL,1971,3.822
NZL,1972,3.976
NZL,1973,3.967
NZL,1974,4.431
NZL,1975,4.812
NZL,1976,4.533
NZL,1977,4.833
NZL,1978,5.206
NZL,1979,5.301
NZL,1980,5.05
NZL,1981,5.387
NZL,1982,5.108
NZL,1983,5.007
NZL,1984,4.673
NZL,1985,4.294
NZL,1986,4.347
NZL,1987,4.859
NZL,1988,5.248
NZL,1989,5.386
NZL,1990,5.495
NZL,1991,5.84
NZL,1992,5.713
NZL,1993,5.307
NZL,1994,5.375
NZL,1995,5.362
NZL,1996,5.284
NZL,1997,5.486
NZL,1998,5.788
NZL,1999,5.732
NZL,2000,5.828
NZL,2001,5.792
NZL,2002,6.154
NZL,2003,6.049
NZL,2004,6.292
NZL,2005,6.592
NZL,2006,6.917
NZL,2007,6.863
NZL,2008,7.377
NZL,2009,7.799
NZL,2010,7.787
NZL,2011,7.7
NZL,2012,7.769
NZL,2013,7.493
NZL,2014,7.48
NZL,2015,7.333
NZL,2016,7.271
NZL,2017,7.047
NZL,2018,7.158
NZL,2019,7.206
NZL,2020,7.785
MKD,2010,4.161
MKD,2011,4.147
MKD,2012,4.268
MKD,2013,4.451
MKD,2014,4.083
MKD,2015,4.163
MKD,2016,4.119
MKD,2017,3.776
MKD,2018,3.768
MKD,2019,4.267
NOR,1880,0.22
NOR,1890,0.11
NOR,1900,0.28
NOR,1910,0.27
NOR,1920,0.31
NOR,1930,0.64
NOR,1960,2.029684096
NOR,1961,2.148148148
NOR,1962,2.298202614
NOR,1963,2.448257081
NOR,1964,2.527233115
NOR,1965,2.519335512
NOR,1966,2.819444444
NOR,1967,2.906318083
NOR,1968,3.016884532
NOR,1969,3.245915033
NOR,1970,3.625
NOR,1971,3.79
NOR,1972,4.397
NOR,1973,4.5
NOR,1974,4.513
NOR,1975,4.975
NOR,1976,5.168
NOR,1977,5.442
NOR,1978,5.604
NOR,1979,5.282
NOR,1980,5.312
NOR,1981,5.346
NOR,1982,5.469
NOR,1983,5.627
NOR,1984,5.327
NOR,1985,5.275
NOR,1986,5.691
NOR,1987,5.992
NOR,1988,5.888
NOR,1989,5.632
NOR,1990,5.858
NOR,1991,6.174
NOR,1992,6.342
NOR,1993,6.225
NOR,1994,6.155
NOR,1995,6.098
NOR,1996,6.018
NOR,1997,6.244
NOR,1998,6.855
NOR,1999,6.882
NOR,2000,6.299
NOR,2001,6.642
NOR,2002,7.46
NOR,2003,7.664
NOR,2004,7.323
NOR,2005,6.917
NOR,2006,6.595
NOR,2007,6.739
NOR,2008,6.698
NOR,2009,7.662
NOR,2010,7.541
NOR,2011,7.42
NOR,2012,7.44
NOR,2013,7.592
NOR,2014,7.97
NOR,2015,8.664
NOR,2016,9.043
NOR,2017,8.781
NOR,2018,8.591
NOR,2019,9.042
NOR,2020,9.75
NOR,2021,8.625
PER,2000,2.342
PER,2001,2.496
PER,2002,2.537
PER,2003,2.404
PER,2004,2.354
PER,2005,2.62
PER,2006,2.228
PER,2007,2.155
PER,2008,2.171
PER,2009,2.556
PER,2010,2.459
PER,2011,2.32
PER,2012,2.496
PER,2013,2.667
PER,2014,2.967
PER,2015,3.033
PER,2016,3.067
PER,2017,3.058
PER,2018,3.197
PER,2019,3.281
POL,1990,3.936
POL,1991,4.175
POL,1992,4.259
POL,1993,3.925
POL,1994,3.628
POL,1995,3.615
POL,1996,3.865
POL,1997,3.524
POL,1998,3.457
POL,1999,3.822
POL,2000,3.642
POL,2001,4.025
POL,2002,4.274
POL,2003,4.117
POL,2004,3.975
POL,2005,3.988
POL,2006,4.018
POL,2007,4.116
POL,2008,4.569
POL,2009,4.72
POL,2010,4.596
POL,2011,4.423
POL,2012,4.359
POL,2013,4.533
POL,2014,4.437
POL,2015,4.46
POL,2016,4.53
POL,2017,4.545
POL,2018,4.524
POL,2019,4.627
POL,2020,4.692
POL,2021,4.785
PRT,1960,0.6311397849
PRT,1961,0.6517204301
PRT,1962,0.6585806452
PRT,1963,0.8095053763
PRT,1964,0.6585806452
PRT,1965,0.8300860215
PRT,1966,0.891827957
PRT,1967,0.9124086022
PRT,1968,1.166236559
PRT,1969,1.351462366
PRT,1970,1.276
PRT,1971,1.419
PRT,1972,1.739
PRT,1973,1.902
PRT,1974,2.128
PRT,1975,2.72
PRT,1976,2.974
PRT,1977,2.801
PRT,1978,2.749
PRT,1979,2.764
PRT,1980,2.989
PRT,1981,3.098
PRT,1982,2.741
PRT,1983,2.42
PRT,1984,2.454
PRT,1985,2.874
PRT,1986,3.053
PRT,1987,2.917
PRT,1988,3.185
PRT,1989,2.903
PRT,1990,3.581
PRT,1991,3.75
PRT,1992,3.627
PRT,1993,4.008
PRT,1994,3.992
PRT,1995,4.426
PRT,1996,4.776
PRT,1997,4.776
PRT,1998,4.875
PRT,1999,5.069
PRT,2000,6.002
PRT,2001,6.058
PRT,2002,6.329
PRT,2003,6.446
PRT,2004,6.73
PRT,2005,6.848
PRT,2006,5.938
PRT,2007,5.806
PRT,2008,5.994
PRT,2009,6.469
PRT,2010,6.678
PRT,2011,6.282
PRT,2012,5.921
PRT,2013,5.863
PRT,2014,5.774
PRT,2015,5.751
PRT,2016,5.793
PRT,2017,5.698
PRT,2018,5.763
PRT,2019,5.789
PRT,2020,6.807
PRT,2021,7.171
ROU,2003,4.537
ROU,2004,4.075
ROU,2005,4.444
ROU,2006,4.029
ROU,2007,4.107
ROU,2008,4.09
ROU,2009,4.156
ROU,2010,4.608
ROU,2011,3.538
ROU,2012,3.641
ROU,2013,4.123
ROU,2014,3.967
ROU,2015,3.86
ROU,2016,3.919
ROU,2017,4.051
ROU,2018,4.433
ROU,2019,4.618
ROU,2020,5.035
SRB,2010,5.89
SRB,2011,5.634
SRB,2012,5.829
SRB,2013,5.629
SRB,2014,5.429
SRB,2015,5.114
SRB,2016,4.903
SRB,2017,4.736
SRB,2018,5.12
SRB,2019,5.315
SVK,1997,5.175
SVK,1998,5.079
SVK,1999,4.947
SVK,2000,4.728
SVK,2001,4.75
SVK,2002,4.903
SVK,2003,4.783
SVK,2004,5.019
SVK,2005,4.96
SVK,2006,4.794
SVK,2007,4.974
SVK,2008,5.243
SVK,2009,5.841
SVK,2010,5.535
SVK,2011,5.408
SVK,2012,5.46
SVK,2013,5.582
SVK,2014,5.542
SVK,2015,5.407
SVK,2016,5.621
SVK,2017,5.416
SVK,2018,5.369
SVK,2019,5.544
SVK,2020,5.835
SVN,2000,5.689
SVN,2001,5.629
SVN,2002,5.885
SVN,2003,5.898
SVN,2004,5.83
SVN,2005,5.876
SVN,2006,5.721
SVN,2007,5.372
SVN,2008,5.777
SVN,2009,6.241
SVN,2010,6.288
SVN,2011,6.268
SVN,2012,6.271
SVN,2013,6.238
SVN,2014,6.046
SVN,2015,6.116
SVN,2016,6.166
SVN,2017,5.909
SVN,2018,6.029
SVN,2019,6.204
SVN,2020,6.892
ZAF,2000,2.988
ZAF,2001,2.678
ZAF,2002,2.577
ZAF,2003,3.137
ZAF,2004,3.057
ZAF,2005,3.076
ZAF,2006,3.174
ZAF,2007,3.247
ZAF,2008,3.305
ZAF,2009,3.767
ZAF,2010,3.972
ZAF,2011,4.063
ZAF,2012,4.051
ZAF,2013,4.043
ZAF,2014,3.954
ZAF,2015,4.097
ZAF,2016,4.096
ZAF,2017,4.087
ZAF,2018,4.163
ZAF,2019,4.39
KOR,1970,0.234
KOR,1971,0.285
KOR,1972,0.216
KOR,1973,0.189
KOR,1974,0.171
KOR,1975,0.241
KOR,1976,0.211
KOR,1977,0.279
KOR,1978,0.303
KOR,1979,0.534
KOR,1980,0.693
KOR,1981,0.71
KOR,1982,0.849
KOR,1983,0.949
KOR,1984,0.997
KOR,1985,1.07
KOR,1986,0.963
KOR,1987,0.969
KOR,1988,1.097
KOR,1989,1.279
KOR,1990,1.454
KOR,1991,1.305
KOR,1992,1.371
KOR,1993,1.401
KOR,1994,1.409
KOR,1995,1.422
KOR,1996,1.594
KOR,1997,1.688
KOR,1998,1.915
KOR,1999,2.009
KOR,2000,2.1
KOR,2001,2.595
KOR,2002,2.458
KOR,2003,2.594
KOR,2004,2.595
KOR,2005,2.741
KOR,2006,3.028
KOR,2007,3.117
KOR,2008,3.187
KOR,2009,3.521
KOR,2010,3.605
KOR,2011,3.607
KOR,2012,3.626
KOR,2013,3.694
KOR,2014,3.81
KOR,2015,3.919
KOR,2016,4.082
KOR,2017,4.223
KOR,2018,4.517
KOR,2019,4.964
KOR,2020,5.234
KOR,2021,5.685
ESP,1960,0.732846473
ESP,1961,0.7078630705
ESP,1962,0.8077966805
ESP,1963,0.7994688797
ESP,1964,0.9160580913
ESP,1965,1.074286307
ESP,1966,1.190875519
ESP,1967,1.523987552
ESP,1968,1.582282158
ESP,1969,1.782149378
ESP,1970,2.007
ESP,1971,2.271
ESP,1972,2.531
ESP,1973,2.81
ESP,1974,2.891
ESP,1975,3.213
ESP,1976,3.409
ESP,1977,3.702
ESP,1978,3.897
ESP,1979,3.877
ESP,1980,3.961
ESP,1981,4.005
ESP,1982,4.11
ESP,1983,4.536
ESP,1984,4.218
ESP,1985,4.049
ESP,1986,3.97
ESP,1987,4.019
ESP,1988,4.447
ESP,1989,4.472
ESP,1990,4.768
ESP,1991,4.835
ESP,1992,5.124
ESP,1993,5.299
ESP,1994,5.192
ESP,1995,5.064
ESP,1996,5.09
ESP,1997,5.009
ESP,1998,4.956
ESP,1999,4.956
ESP,2000,4.852
ESP,2001,4.808
ESP,2002,4.831
ESP,2003,5.378
ESP,2004,5.464
ESP,2005,5.533
ESP,2006,5.645
ESP,2007,5.725
ESP,2008,6.143
ESP,2009,6.837
ESP,2010,6.789
ESP,2011,6.737
ESP,2012,6.601
ESP,2013,6.438
ESP,2014,6.386
ESP,2015,6.509
ESP,2016,6.405
ESP,2017,6.31
ESP,2018,6.321
ESP,2019,6.454
ESP,2020,7.849
SWE,1880,0.12
SWE,1890,0.16
SWE,1900,0.19
SWE,1910,0.31
SWE,1920,0.25
SWE,1930,0.89
SWE,1960,2.505640194
SWE,1961,2.564596434
SWE,1962,2.623552674
SWE,1963,2.969920583
SWE,1964,3.073094003
SWE,1965,3.264701783
SWE,1966,3.603700162
SWE,1967,3.854264182
SWE,1968,4.244849271
SWE,1969,4.296435981
SWE,1970,4.547
SWE,1971,4.984
SWE,1972,5.073
SWE,1973,5.031
SWE,1974,5.498
SWE,1975,5.769
SWE,1976,6.021
SWE,1977,6.784
SWE,1978,6.841
SWE,1979,6.757
SWE,1980,7.107
SWE,1981,7.142
SWE,1982,7.197
SWE,1983,7.109
SWE,1984,6.942
SWE,1985,6.484
SWE,1986,6.286
SWE,1987,6.359
SWE,1988,6.256
SWE,1989,6.32
SWE,1990,5.692
SWE,1991,5.558
SWE,1992,6.471
SWE,1993,6.693
SWE,1994,6.348
SWE,1995,6.24
SWE,1996,6.456
SWE,1997,6.202
SWE,1998,6.255
SWE,1999,6.291
SWE,2000,6.267
SWE,2001,6.49
SWE,2002,6.779
SWE,2003,6.914
SWE,2004,6.722
SWE,2005,6.708
SWE,2006,6.632
SWE,2007,6.598
SWE,2008,6.772
SWE,2009,7.237
SWE,2010,6.863
SWE,2011,8.8
SWE,2012,9.041
SWE,2013,9.162
SWE,2014,9.199
SWE,2015,9.071
SWE,2016,9.144
SWE,2017,9.136
SWE,2018,9.276
SWE,2019,9.221
SWE,2020,9.877
SWE,2021,9.787
CHE,1880,0
CHE,1890,0
CHE,1900,0
CHE,1920,0.08
CHE,1930,0.26
CHE,1960,1.563291819
CHE,1961,1.625512389
CHE,1962,1.687732959
CHE,1963,1.726620815
CHE,1964,1.734398386
CHE,1965,1.788841385
CHE,1966,2.263273231
CHE,1967,2.379936799
CHE,1968,2.481045226
CHE,1969,2.535488224
CHE,1970,2.57437608
CHE,1971,2.76103779
CHE,1972,2.846591074
CHE,1973,2.978809785
CHE,1974,3.19658178
CHE,1975,3.756566909
CHE,1976,3.82656505
CHE,1977,3.82656505
CHE,1978,3.756566909
CHE,1979,3.772122051
CHE,1980,3.811009908
CHE,1981,3.881008049
CHE,1982,3.974338904
CHE,1983,4.153223042
CHE,1984,4.114335186
CHE,1985,4.07544733
CHE,1986,4.059892187
CHE,1987,3.989894046
CHE,1988,4.122112757
CHE,1989,3.989894046
CHE,1990,4.145445471
CHE,1991,4.184333327
CHE,1992,4.264002826
CHE,1993,4.387171472
CHE,1994,4.55793568
CHE,1995,4.782
CHE,1996,5.067
CHE,1997,5.136
CHE,1998,5.215
CHE,1999,5.337
CHE,2000,5.297
CHE,2001,5.604
CHE,2002,6.005
CHE,2003,6.23
CHE,2004,6.271
CHE,2005,6.308
CHE,2006,5.954
CHE,2007,5.846
CHE,2008,6.026
CHE,2009,6.452
CHE,2010,6.391
CHE,2011,6.493
CHE,2012,6.781
CHE,2013,7.006
CHE,2014,7.016
CHE,2015,7.291
CHE,2016,7.398
CHE,2017,7.563
CHE,2018,7.331
CHE,2019,7.536
CHE,2020,8.221
TUR,1962,0.5192828283
TUR,1963,0.5141414141
TUR,1964,0.5552727273
TUR,1965,0.5655555556
TUR,1966,0.616969697
TUR,1967,0.6272525253
TUR,1968,0.6632424242
TUR,1969,0.7455050505
TUR,1970,0.6581010101
TUR,1971,0.5038585859
TUR,1972,0.3444747475
TUR,1973,0.5192828283
TUR,1974,0.6940909091
TUR,1975,0.8688989899
TUR,1976,0.6786666667
TUR,1977,0.4884343434
TUR,1978,0.4113131313
TUR,1979,0.509
TUR,1980,0.694
TUR,1981,0.276
TUR,1982,0.415
TUR,1983,0.365
TUR,1984,0.891
TUR,1985,0.724
TUR,1986,0.725
TUR,1987,0.699
TUR,1988,1.022
TUR,1989,1.293
TUR,1990,1.466
TUR,1991,1.751
TUR,1992,1.838
TUR,1993,1.788
TUR,1994,1.806
TUR,1995,1.72
TUR,1996,1.959
TUR,1997,2.19
TUR,1998,2.522
TUR,1999,2.674
TUR,2000,2.837
TUR,2001,3.287
TUR,2002,3.542
TUR,2003,3.57
TUR,2004,3.52
TUR,2005,3.315
TUR,2006,3.543
TUR,2007,3.603
TUR,2008,3.793
TUR,2009,4.423
TUR,2010,3.916
TUR,2011,3.682
TUR,2012,3.519
TUR,2013,3.425
TUR,2014,3.357
TUR,2015,3.217
TUR,2016,3.361
TUR,2017,3.248
TUR,2018,3.191
TUR,2019,3.387
TUR,2020,3.641
GBR,1880,0.13
GBR,1890,0.16
GBR,1900,0.29
GBR,1910,0.32
GBR,1920,0.56
GBR,1930,0.64
GBR,1960,2.920350384
GBR,1961,2.972969309
GBR,1962,2.955429668
GBR,1963,2.972969309
GBR,1964,2.964199488
GBR,1965,3.104516624
GBR,1966,3.227294118
GBR,1967,3.393920716
GBR,1968,3.402690537
GBR,1969,3.306222506
GBR,1970,3.429
GBR,1971,3.469
GBR,1972,3.557
GBR,1973,3.476
GBR,1974,4.143
GBR,1975,4.486
GBR,1976,4.487
GBR,1977,4.378
GBR,1978,4.351
GBR,1979,4.252
GBR,1980,4.532
GBR,1981,4.71
GBR,1982,4.498
GBR,1983,4.666
GBR,1984,4.563
GBR,1985,4.428
GBR,1986,4.407
GBR,1987,4.421
GBR,1988,4.331
GBR,1989,4.249
GBR,1990,4.291
GBR,1991,4.586
GBR,1992,4.975
GBR,1993,5.066
GBR,1994,5.091
GBR,1995,4.668
GBR,1996,4.659
GBR,1997,5.135
GBR,1998,5.263
GBR,1999,5.463
GBR,2000,5.476
GBR,2001,5.737
GBR,2002,6.103
GBR,2003,6.316
GBR,2004,6.664
GBR,2005,6.792
GBR,2006,6.996
GBR,2007,6.996
GBR,2008,7.304
GBR,2009,8.091
GBR,2010,8.006
GBR,2011,7.973
GBR,2012,7.957
GBR,2013,7.857
GBR,2014,7.85
GBR,2015,7.779
GBR,2016,7.772
GBR,2017,7.631
GBR,2018,7.658
GBR,2019,7.836
GBR,2020,9.923
GBR,2021,9.898
USA,1880,0.09
USA,1890,0.14
USA,1900,0.17
USA,1910,0.26
USA,1920,0.4
USA,1930,0.34
USA,1960,1.093675182
USA,1961,1.1615
USA,1962,1.178456204
USA,1963,1.220846715
USA,1964,1.220846715
USA,1965,1.23780292
USA,1966,1.492145985
USA,1967,1.992354015
USA,1968,2.119525547
USA,1969,2.170394161
USA,1970,2.323
USA,1971,2.433
USA,1972,2.491
USA,1973,2.538
USA,1974,2.769
USA,1975,2.988
USA,1976,3.049
USA,1977,3.114
USA,1978,3.14
USA,1979,3.217
USA,1980,3.458
USA,1981,3.579
USA,1982,3.822
USA,1983,3.871
USA,1984,3.786
USA,1985,3.832
USA,1986,3.973
USA,1987,4.101
USA,1988,4.125
USA,1989,4.27
USA,1990,4.543
USA,1991,5.001
USA,1992,5.283
USA,1993,5.531
USA,1994,5.689
USA,1995,5.798
USA,1996,6.242
USA,1997,5.717
USA,1998,5.56
USA,1999,5.502
USA,2000,5.543
USA,2001,5.968
USA,2002,6.326
USA,2003,6.523
USA,2004,6.608
USA,2005,6.628
USA,2006,6.781
USA,2007,6.886
USA,2008,7.198
USA,2009,7.833
USA,2010,7.889
USA,2011,7.876
USA,2012,7.853
USA,2013,7.907
USA,2014,13.372
USA,2015,13.664
USA,2016,13.912
USA,2017,13.89
USA,2018,13.796
USA,2019,13.813
USA,2020,15.949
